Workbook

Sheet Start Here
A1: Journeys 3 — Deep Tech & AI · Mentor Matching Workbook
A2: Internal — Will & Fabian
A4: How this workbook is organised
A5: One tab per venture (12) | B5: Each shows the team’s stated needs and the top 3 mentor matches, ranked by fit (expertise ↔ needs + sector). Details (status, capacity, sector, base) auto-fill from the Mentors tab.
A6: Mentors tab | B6: The full searchable directory of all mentor sign-ups. Use the filter arrows on the header row to search by expertise (Y = yes), sector, capacity, base, etc.
A7: Adding ad-hoc mentors | B7: Add anyone new at the bottom of the Mentors tab (yellow rows). Once added, type their name into a venture tab’s “Add other / ad-hoc” rows and their details auto-fill.
A8: Assigning | B8: On each venture tab, use the yellow “Assign?” column to mark your pick (Assigned / Backup / No) and jot notes.
A10: Scope | B10: 14 founder responses across 11 teams; White Hat from assessment (no survey). 21 mentors. Pool for matches excludes Will (host) and Samuli (declined). “Maybe” = not yet confirmed (Hanna, Anja).

Sheet Mentors
A1: Mentor Directory — searchable
A2: Filter with the header arrows (row 4). Expertise columns: Y = yes. Add ad-hoc mentors in the yellow rows at the bottom — they become searchable here and usable on the venture tabs.
A4: Name | B4: Status | C4: Fundraising | D4: GTM / Sales | E4: Strategy / BM | F4: Team / Ops | G4: Partnerships | H4: Marketing | I4: Product | J4: Finance/Legal/IP | K4: AI / Data | L4: Health | M4: Climate / HW | N4: Software | O4: Cross-sector | P4: Sectors (detail) | Q4: Capacity | R4: Cadence | S4: Online/In-person | T4: Based | U4: Country | V4: Demo Day | W4: Wants to focus on | X4: Notes
A5: Will Cardwell | B5: Host | C5: Y | E5: Y | H5: Y | K5: Y | M5: Y | P5: AI/ML & Data, Hardware, Materials & Manufacturing | Q5: One | R5: Every three weeks — the programme norm | S5: Online only | T5: Sweden | U5: Sweden | V5: Yes, count me in | W5: Knocking down barriers.
A6: Geoffroy Van Humbeeck | B6: In | D6: Y | E6: Y | G6: Y | O6: Y | P6: Cross-sector | Q6: More | R6: Let the team and I work it out | S6: In person when I can | T6: Belgium | U6: Belgium | V6: Probably — I need to check travel and dates | W6: I most want to help founders turn international ambition into commercial reality: sharpening their positioning, choosing the right route to market, and winning customers or partners abroad. I’d be irritated not to be asked what actually breaks between a strong product and repeatable international sales.
A7: Charles Johnson | B7: In | H7: Y | I7: Y | O7: Y | P7: Cross-sector | Q7: One | R7: Let the team and I work it out | S7: Online only | T7: United States (ESTimezone) | U7: United States (ESTimezone) | V7: I’d join online if that’s possible | W7: Product strategy and brand narrative.
A8: Samuli Salmela | B8: Declined
A9: Dan Newmark | B9: In | E9: Y | F9: Y | G9: Y | K9: Y | N9: Y | P9: AI/ML & Data, Software / Cloud / Telecom | Q9: One | R9: Every three weeks — the programme norm | S9: Online only | T9: Usa | U9: Usa | V9: I’d join online if that’s possible | W9: Is it feasible to pilot or test this in USA/Silicon Valley where I live ?
A10: Soma Sarkar | B10: In | F10: Y | I10: Y | N10: Y | P10: Software / Cloud / Telecom, Defence & Dual-use | Q10: Two | R10: Let the team and I work it out | S10: Either | T10: Finland | V10: Yes, count me in | W10: Spend time on what is the end user value and business case.
A11: Indrajit Chaudjuri | B11: In | D11: Y | E11: Y | I11: Y | K11: Y | N11: Y | P11: AI/ML & Data, Software / Cloud / Telecom | Q11: Two | R11: Every three weeks — the programme norm | S11: Online only | T11: Finland | V11: Yes, count me in | W11: Product & Business Mgmt.
A12: Sagar Tandon | B12: In | C12: Y | E12: Y | F12: Y | L12: Y | M12: Y | P12: Energy, Climate & Sustainability, Health & Bio | Q12: More | R12: Every three weeks — the programme norm | S12: In person when I can | T12: Finland | V12: Probably — I need to check travel and dates | W12: Work with founders on understanding what kind of business they want to build and coach/guide them accordingly, not as one-size fits solution
A13: Sergio Rodrigues | B13: In | C13: Y | D13: Y | K13: Y | N13: Y | P13: AI/ML & Data, Software / Cloud / Telecom | Q13: One | R13: Every three weeks — the programme norm | S13: Online only | T13: Spain | U13: Spain | V13: Probably — I need to check travel and dates | W13: Convince people to give money: pay por invest
A14: Oriol Pascual | B14: In | C14: Y | E14: Y | J14: Y | M14: Y | P14: Hardware, Materials & Manufacturing, Energy, Climate & Sustainability | Q14: Two | R14: Every three weeks — the programme norm | S14: Online only | T14: Finland | V14: Probably — I need to check travel and dates
A15: Ramón | B15: In | D15: Y | F15: Y | H15: Y | O15: Y | P15: Cross-sector | Q15: One | R15: Let the team and I work it out | S15: Either | T15: Finland | V15: Yes, count me in | W15: Teaching them how to sell their businesses and themselves using behavioural psychology.
A16: Andres Leonardo Martinez Ortiz | B16: In | E16: Y | F16: Y | I16: Y | K16: Y | N16: Y | P16: AI/ML & Data, Software / Cloud / Telecom | Q16: One | R16: Every three weeks — the programme norm | S16: Online only | T16: Switzerland | U16: Switzerland | V16: Probably — I need to check travel and dates
A17: Ariel Cohen | B17: In | C17: Y | E17: Y | G17: Y | P17: Defence & Dual-use, Space & Sensing | Q17: More | R17: Let the team and I work it out | S17: Online only | T17: Israel | U17: Israel | V17: Yes, count me in
A18: Hanna Helin | B18: Maybe | D18: Y | E18: Y | G18: Y | K18: Y | O18: Y | P18: AI/ML & Data, Cross-sector | Q18: Two | R18: Let the team and I work it out | S18: Online only | T18: USA | U18: USA | V18: Probably — I need to check travel and dates | W18: Strategy / GTM approach
A19: Asaf Wolff | B19: In | D19: Y | F19: Y | H19: Y | O19: Y | P19: Cross-sector | Q19: Two | R19: Every three weeks — the programme norm | S19: Online only | T19: USA | U19: USA | V19: I’d join online if that’s possible
A20: Michael Vormittag | B20: In | D20: Y | E20: Y | G20: Y | O20: Y | P20: Cross-sector | Q20: Two | R20: Every three weeks — the programme norm | S20: Online only | T20: Germany | U20: Germany | V20: Probably — I need to check travel and dates | W20: Work on strategic positioning, product market fit and growth in the scale" phase first enterprise customer"
A21: Veli-pekka Luoma | B21: In | D21: Y | E21: Y | G21: Y | O21: Y | P21: Cross-sector | Q21: Two | R21: Monthly | S21: Either | T21: Finland | V21: Yes, count me in | W21: Strategy, G2M, Business model, offering design
A22: Jani Kangas | B22: In | D22: Y | E22: Y | I22: Y | K22: Y | M22: Y | P22: AI/ML & Data, Energy, Climate & Sustainability | Q22: More | R22: Every three weeks — the programme norm | S22: Either | T22: Finland | V22: Probably — I need to check travel and dates | W22: Business, technology and strategies of startups, as well as product positioning
A23: Anja Leissner | B23: Maybe | C23: Y | E23: Y | L23: Y | M23: Y | P23: Energy, Climate & Sustainability, Health & Bio | Q23: One | R23: Monthly | S23: Either | T23: Sweden | U23: Sweden | V23: Probably — I need to check travel and dates | W23: Taking them to the next step
A24: Matti Aksela | B24: In | E24: Y | F24: Y | I24: Y | K24: Y | P24: AI/ML & Data | Q24: One | R24: Let the team and I work it out | S24: Either | T24: Finland | V24: Probably — I need to check travel and dates | W24: Solving problems
A25: Pablo Mosquera | B25: In | C25: Y | E25: Y | J25: Y | L25: Y | O25: Y | P25: Health & Bio, Cross-sector | Q25: One | R25: Let the team and I work it out | S25: Online only | T25: Spain | U25: Spain | V25: Probably — I need to check travel and dates | W25: I’d most like to help founders identify the next concrete milestone that will make their startup more investable—whether that means securing a first customer, validating pricing, narrowing the product roadmap, or preparing for a funding round.
A26: Jane Example | B26: Ad-hoc | C26: Y | E26: Y | K26: Y | P26: AI/ML & Data | Q26: One | S26: Online only | T26: Abroad | U26: — | V26: — | W26: Domain expert intro | X26: example row — overwrite

Sheet AccuPredix
A1: AccuPredix
A2: AI demand-forecasting for SMEs
A3: Team’s stated needs: | B3: GTM/sales · Fundraising · Business model · Legal/IP · Partnerships
A5: Rank | B5: Mentor | C5: Why this is a fit | D5: Status | E5: Capacity | F5: Sector | G5: Based | H5: Assign? | I5: Notes
A6: 1 | B6: Hanna Helin | C6: GTM/sales · strategy/BM · partnerships · AI/data sector (tentative, USA) | D6: =IFERROR(INDEX(Mentors!$B:$B,MATCH($B6,Mentors!$A:$A,0)),"") -> Maybe | E6: =IFERROR(INDEX(Mentors!$Q:$Q,MATCH($B6,Mentors!$A:$A,0)),"") -> Two | F6: =IFERROR(INDEX(Mentors!$P:$P,MATCH($B6,Mentors!$A:$A,0)),"") -> AI/ML & Data, Cross-sector | G6: =IFERROR(INDEX(Mentors!$T:$T,MATCH($B6,Mentors!$A:$A,0)),"") -> USA
A7: 2 | B7: Veli-pekka Luoma | C7: GTM/sales · strategy/BM · partnerships · cross-sector | D7: =IFERROR(INDEX(Mentors!$B:$B,MATCH($B7,Mentors!$A:$A,0)),"") -> In | E7: =IFERROR(INDEX(Mentors!$Q:$Q,MATCH($B7,Mentors!$A:$A,0)),"") -> Two | F7: =IFERROR(INDEX(Mentors!$P:$P,MATCH($B7,Mentors!$A:$A,0)),"") -> Cross-sector | G7: =IFERROR(INDEX(Mentors!$T:$T,MATCH($B7,Mentors!$A:$A,0)),"") -> Finland
A8: 3 | B8: Geoffroy Van Humbeeck | C8: GTM/sales · strategy/BM · partnerships · cross-sector (Belgium) | D8: =IFERROR(INDEX(Mentors!$B:$B,MATCH($B8,Mentors!$A:$A,0)),"") -> In | E8: =IFERROR(INDEX(Mentors!$Q:$Q,MATCH($B8,Mentors!$A:$A,0)),"") -> More | F8: =IFERROR(INDEX(Mentors!$P:$P,MATCH($B8,Mentors!$A:$A,0)),"") -> Cross-sector | G8: =IFERROR(INDEX(Mentors!$T:$T,MATCH($B8,Mentors!$A:$A,0)),"") -> Belgium
A10: Add other / ad-hoc candidates | B10: Type a mentor name (must exist on the Mentors tab) — their details auto-fill. Add brand-new people on the Mentors tab first.
A11: — | B11: Jane Example | C11: why you’re considering them | D11: =IFERROR(INDEX(Mentors!$B:$B,MATCH($B11,Mentors!$A:$A,0)),"") -> Ad-hoc | E11: =IFERROR(INDEX(Mentors!$Q:$Q,MATCH($B11,Mentors!$A:$A,0)),"") -> One | F11: =IFERROR(INDEX(Mentors!$P:$P,MATCH($B11,Mentors!$A:$A,0)),"") -> AI/ML & Data | G11: =IFERROR(INDEX(Mentors!$T:$T,MATCH($B11,Mentors!$A:$A,0)),"") -> Abroad
D12: =IFERROR(INDEX(Mentors!$B:$B,MATCH($B12,Mentors!$A:$A,0)),"") | E12: =IFERROR(INDEX(Mentors!$Q:$Q,MATCH($B12,Mentors!$A:$A,0)),"") | F12: =IFERROR(INDEX(Mentors!$P:$P,MATCH($B12,Mentors!$A:$A,0)),"") | G12: =IFERROR(INDEX(Mentors!$T:$T,MATCH($B12,Mentors!$A:$A,0)),"")
D13: =IFERROR(INDEX(Mentors!$B:$B,MATCH($B13,Mentors!$A:$A,0)),"") | E13: =IFERROR(INDEX(Mentors!$Q:$Q,MATCH($B13,Mentors!$A:$A,0)),"") | F13: =IFERROR(INDEX(Mentors!$P:$P,MATCH($B13,Mentors!$A:$A,0)),"") | G13: =IFERROR(INDEX(Mentors!$T:$T,MATCH($B13,Mentors!$A:$A,0)),"")
D14: =IFERROR(INDEX(Mentors!$B:$B,MATCH($B14,Mentors!$A:$A,0)),"") | E14: =IFERROR(INDEX(Mentors!$Q:$Q,MATCH($B14,Mentors!$A:$A,0)),"") | F14: =IFERROR(INDEX(Mentors!$P:$P,MATCH($B14,Mentors!$A:$A,0)),"") | G14: =IFERROR(INDEX(Mentors!$T:$T,MATCH($B14,Mentors!$A:$A,0)),"")
D15: =IFERROR(INDEX(Mentors!$B:$B,MATCH($B15,Mentors!$A:$A,0)),"") | E15: =IFERROR(INDEX(Mentors!$Q:$Q,MATCH($B15,Mentors!$A:$A,0)),"") | F15: =IFERROR(INDEX(Mentors!$P:$P,MATCH($B15,Mentors!$A:$A,0)),"") | G15: =IFERROR(INDEX(Mentors!$T:$T,MATCH($B15,Mentors!$A:$A,0)),"")
D16: =IFERROR(INDEX(Mentors!$B:$B,MATCH($B16,Mentors!$A:$A,0)),"") | E16: =IFERROR(INDEX(Mentors!$Q:$Q,MATCH($B16,Mentors!$A:$A,0)),"") | F16: =IFERROR(INDEX(Mentors!$P:$P,MATCH($B16,Mentors!$A:$A,0)),"") | G16: =IFERROR(INDEX(Mentors!$T:$T,MATCH($B16,Mentors!$A:$A,0)),"")

Sheet AgentFormers
A1: AgentFormers
A2: On-prem enterprise AI agents
A3: Team’s stated needs: | B3: GTM/sales · Fundraising · Business model · Legal/IP · Partnerships · Team/hiring
A5: Rank | B5: Mentor | C5: Why this is a fit | D5: Status | E5: Capacity | F5: Sector | G5: Based | H5: Assign? | I5: Notes
A6: 1 | B6: Hanna Helin | C6: GTM/sales · strategy/BM · partnerships · AI/data sector (tentative, USA) | D6: =IFERROR(INDEX(Mentors!$B:$B,MATCH($B6,Mentors!$A:$A,0)),"") -> Maybe | E6: =IFERROR(INDEX(Mentors!$Q:$Q,MATCH($B6,Mentors!$A:$A,0)),"") -> Two | F6: =IFERROR(INDEX(Mentors!$P:$P,MATCH($B6,Mentors!$A:$A,0)),"") -> AI/ML & Data, Cross-sector | G6: =IFERROR(INDEX(Mentors!$T:$T,MATCH($B6,Mentors!$A:$A,0)),"") -> USA
A7: 2 | B7: Dan Newmark | C7: strategy/BM · partnerships · team/ops · AI/data sector (Usa) | D7: =IFERROR(INDEX(Mentors!$B:$B,MATCH($B7,Mentors!$A:$A,0)),"") -> In | E7: =IFERROR(INDEX(Mentors!$Q:$Q,MATCH($B7,Mentors!$A:$A,0)),"") -> One | F7: =IFERROR(INDEX(Mentors!$P:$P,MATCH($B7,Mentors!$A:$A,0)),"") -> AI/ML & Data, Software / Cloud / Telecom | G7: =IFERROR(INDEX(Mentors!$T:$T,MATCH($B7,Mentors!$A:$A,0)),"") -> Usa
A8: 3 | B8: Veli-pekka Luoma | C8: GTM/sales · strategy/BM · partnerships · cross-sector | D8: =IFERROR(INDEX(Mentors!$B:$B,MATCH($B8,Mentors!$A:$A,0)),"") -> In | E8: =IFERROR(INDEX(Mentors!$Q:$Q,MATCH($B8,Mentors!$A:$A,0)),"") -> Two | F8: =IFERROR(INDEX(Mentors!$P:$P,MATCH($B8,Mentors!$A:$A,0)),"") -> Cross-sector | G8: =IFERROR(INDEX(Mentors!$T:$T,MATCH($B8,Mentors!$A:$A,0)),"") -> Finland
A10: Add other / ad-hoc candidates | B10: Type a mentor name (must exist on the Mentors tab) — their details auto-fill. Add brand-new people on the Mentors tab first.
A11: — | B11: Jane Example | C11: why you’re considering them | D11: =IFERROR(INDEX(Mentors!$B:$B,MATCH($B11,Mentors!$A:$A,0)),"") -> Ad-hoc | E11: =IFERROR(INDEX(Mentors!$Q:$Q,MATCH($B11,Mentors!$A:$A,0)),"") -> One | F11: =IFERROR(INDEX(Mentors!$P:$P,MATCH($B11,Mentors!$A:$A,0)),"") -> AI/ML & Data | G11: =IFERROR(INDEX(Mentors!$T:$T,MATCH($B11,Mentors!$A:$A,0)),"") -> Abroad
D12: =IFERROR(INDEX(Mentors!$B:$B,MATCH($B12,Mentors!$A:$A,0)),"") | E12: =IFERROR(INDEX(Mentors!$Q:$Q,MATCH($B12,Mentors!$A:$A,0)),"") | F12: =IFERROR(INDEX(Mentors!$P:$P,MATCH($B12,Mentors!$A:$A,0)),"") | G12: =IFERROR(INDEX(Mentors!$T:$T,MATCH($B12,Mentors!$A:$A,0)),"")
D13: =IFERROR(INDEX(Mentors!$B:$B,MATCH($B13,Mentors!$A:$A,0)),"") | E13: =IFERROR(INDEX(Mentors!$Q:$Q,MATCH($B13,Mentors!$A:$A,0)),"") | F13: =IFERROR(INDEX(Mentors!$P:$P,MATCH($B13,Mentors!$A:$A,0)),"") | G13: =IFERROR(INDEX(Mentors!$T:$T,MATCH($B13,Mentors!$A:$A,0)),"")
D14: =IFERROR(INDEX(Mentors!$B:$B,MATCH($B14,Mentors!$A:$A,0)),"") | E14: =IFERROR(INDEX(Mentors!$Q:$Q,MATCH($B14,Mentors!$A:$A,0)),"") | F14: =IFERROR(INDEX(Mentors!$P:$P,MATCH($B14,Mentors!$A:$A,0)),"") | G14: =IFERROR(INDEX(Mentors!$T:$T,MATCH($B14,Mentors!$A:$A,0)),"")
D15: =IFERROR(INDEX(Mentors!$B:$B,MATCH($B15,Mentors!$A:$A,0)),"") | E15: =IFERROR(INDEX(Mentors!$Q:$Q,MATCH($B15,Mentors!$A:$A,0)),"") | F15: =IFERROR(INDEX(Mentors!$P:$P,MATCH($B15,Mentors!$A:$A,0)),"") | G15: =IFERROR(INDEX(Mentors!$T:$T,MATCH($B15,Mentors!$A:$A,0)),"")
D16: =IFERROR(INDEX(Mentors!$B:$B,MATCH($B16,Mentors!$A:$A,0)),"") | E16: =IFERROR(INDEX(Mentors!$Q:$Q,MATCH($B16,Mentors!$A:$A,0)),"") | F16: =IFERROR(INDEX(Mentors!$P:$P,MATCH($B16,Mentors!$A:$A,0)),"") | G16: =IFERROR(INDEX(Mentors!$T:$T,MATCH($B16,Mentors!$A:$A,0)),"")

Sheet Flowø
A1: Flowø
A2: AI governance for SMEs
A3: Team’s stated needs: | B3: GTM/sales · Fundraising · Business model · Legal/IP
A5: Rank | B5: Mentor | C5: Why this is a fit | D5: Status | E5: Capacity | F5: Sector | G5: Based | H5: Assign? | I5: Notes
A6: 1 | B6: Pablo Mosquera | C6: fundraising · strategy/BM · finance/legal/IP · cross-sector (Spain) | D6: =IFERROR(INDEX(Mentors!$B:$B,MATCH($B6,Mentors!$A:$A,0)),"") -> In | E6: =IFERROR(INDEX(Mentors!$Q:$Q,MATCH($B6,Mentors!$A:$A,0)),"") -> One | F6: =IFERROR(INDEX(Mentors!$P:$P,MATCH($B6,Mentors!$A:$A,0)),"") -> Health & Bio, Cross-sector | G6: =IFERROR(INDEX(Mentors!$T:$T,MATCH($B6,Mentors!$A:$A,0)),"") -> Spain
A7: 2 | B7: Oriol Pascual | C7: fundraising · strategy/BM · finance/legal/IP | D7: =IFERROR(INDEX(Mentors!$B:$B,MATCH($B7,Mentors!$A:$A,0)),"") -> In | E7: =IFERROR(INDEX(Mentors!$Q:$Q,MATCH($B7,Mentors!$A:$A,0)),"") -> Two | F7: =IFERROR(INDEX(Mentors!$P:$P,MATCH($B7,Mentors!$A:$A,0)),"") -> Hardware, Materials & Manufacturing, Energy, Climate & Sustainability | G7: =IFERROR(INDEX(Mentors!$T:$T,MATCH($B7,Mentors!$A:$A,0)),"") -> Finland
A8: 3 | B8: Indrajit Chaudjuri | C8: GTM/sales · strategy/BM · AI/data sector | D8: =IFERROR(INDEX(Mentors!$B:$B,MATCH($B8,Mentors!$A:$A,0)),"") -> In | E8: =IFERROR(INDEX(Mentors!$Q:$Q,MATCH($B8,Mentors!$A:$A,0)),"") -> Two | F8: =IFERROR(INDEX(Mentors!$P:$P,MATCH($B8,Mentors!$A:$A,0)),"") -> AI/ML & Data, Software / Cloud / Telecom | G8: =IFERROR(INDEX(Mentors!$T:$T,MATCH($B8,Mentors!$A:$A,0)),"") -> Finland
A10: Add other / ad-hoc candidates | B10: Type a mentor name (must exist on the Mentors tab) — their details auto-fill. Add brand-new people on the Mentors tab first.
A11: — | B11: Jane Example | C11: why you’re considering them | D11: =IFERROR(INDEX(Mentors!$B:$B,MATCH($B11,Mentors!$A:$A,0)),"") -> Ad-hoc | E11: =IFERROR(INDEX(Mentors!$Q:$Q,MATCH($B11,Mentors!$A:$A,0)),"") -> One | F11: =IFERROR(INDEX(Mentors!$P:$P,MATCH($B11,Mentors!$A:$A,0)),"") -> AI/ML & Data | G11: =IFERROR(INDEX(Mentors!$T:$T,MATCH($B11,Mentors!$A:$A,0)),"") -> Abroad
D12: =IFERROR(INDEX(Mentors!$B:$B,MATCH($B12,Mentors!$A:$A,0)),"") | E12: =IFERROR(INDEX(Mentors!$Q:$Q,MATCH($B12,Mentors!$A:$A,0)),"") | F12: =IFERROR(INDEX(Mentors!$P:$P,MATCH($B12,Mentors!$A:$A,0)),"") | G12: =IFERROR(INDEX(Mentors!$T:$T,MATCH($B12,Mentors!$A:$A,0)),"")
D13: =IFERROR(INDEX(Mentors!$B:$B,MATCH($B13,Mentors!$A:$A,0)),"") | E13: =IFERROR(INDEX(Mentors!$Q:$Q,MATCH($B13,Mentors!$A:$A,0)),"") | F13: =IFERROR(INDEX(Mentors!$P:$P,MATCH($B13,Mentors!$A:$A,0)),"") | G13: =IFERROR(INDEX(Mentors!$T:$T,MATCH($B13,Mentors!$A:$A,0)),"")
D14: =IFERROR(INDEX(Mentors!$B:$B,MATCH($B14,Mentors!$A:$A,0)),"") | E14: =IFERROR(INDEX(Mentors!$Q:$Q,MATCH($B14,Mentors!$A:$A,0)),"") | F14: =IFERROR(INDEX(Mentors!$P:$P,MATCH($B14,Mentors!$A:$A,0)),"") | G14: =IFERROR(INDEX(Mentors!$T:$T,MATCH($B14,Mentors!$A:$A,0)),"")
D15: =IFERROR(INDEX(Mentors!$B:$B,MATCH($B15,Mentors!$A:$A,0)),"") | E15: =IFERROR(INDEX(Mentors!$Q:$Q,MATCH($B15,Mentors!$A:$A,0)),"") | F15: =IFERROR(INDEX(Mentors!$P:$P,MATCH($B15,Mentors!$A:$A,0)),"") | G15: =IFERROR(INDEX(Mentors!$T:$T,MATCH($B15,Mentors!$A:$A,0)),"")
D16: =IFERROR(INDEX(Mentors!$B:$B,MATCH($B16,Mentors!$A:$A,0)),"") | E16: =IFERROR(INDEX(Mentors!$Q:$Q,MATCH($B16,Mentors!$A:$A,0)),"") | F16: =IFERROR(INDEX(Mentors!$P:$P,MATCH($B16,Mentors!$A:$A,0)),"") | G16: =IFERROR(INDEX(Mentors!$T:$T,MATCH($B16,Mentors!$A:$A,0)),"")

Sheet LEVIE
A1: LEVIE
A2: Acoustic-levitation breath diagnostics
A3: Team’s stated needs: | B3: GTM/sales · Fundraising · Business model · Legal/IP
A5: Rank | B5: Mentor | C5: Why this is a fit | D5: Status | E5: Capacity | F5: Sector | G5: Based | H5: Assign? | I5: Notes
A6: 1 | B6: Pablo Mosquera | C6: fundraising · strategy/BM · finance/legal/IP · health sector (Spain) | D6: =IFERROR(INDEX(Mentors!$B:$B,MATCH($B6,Mentors!$A:$A,0)),"") -> In | E6: =IFERROR(INDEX(Mentors!$Q:$Q,MATCH($B6,Mentors!$A:$A,0)),"") -> One | F6: =IFERROR(INDEX(Mentors!$P:$P,MATCH($B6,Mentors!$A:$A,0)),"") -> Health & Bio, Cross-sector | G6: =IFERROR(INDEX(Mentors!$T:$T,MATCH($B6,Mentors!$A:$A,0)),"") -> Spain
A7: 2 | B7: Oriol Pascual | C7: fundraising · strategy/BM · finance/legal/IP · hardware sector | D7: =IFERROR(INDEX(Mentors!$B:$B,MATCH($B7,Mentors!$A:$A,0)),"") -> In | E7: =IFERROR(INDEX(Mentors!$Q:$Q,MATCH($B7,Mentors!$A:$A,0)),"") -> Two | F7: =IFERROR(INDEX(Mentors!$P:$P,MATCH($B7,Mentors!$A:$A,0)),"") -> Hardware, Materials & Manufacturing, Energy, Climate & Sustainability | G7: =IFERROR(INDEX(Mentors!$T:$T,MATCH($B7,Mentors!$A:$A,0)),"") -> Finland
A8: 3 | B8: Sagar Tandon | C8: fundraising · strategy/BM · health sector | D8: =IFERROR(INDEX(Mentors!$B:$B,MATCH($B8,Mentors!$A:$A,0)),"") -> In | E8: =IFERROR(INDEX(Mentors!$Q:$Q,MATCH($B8,Mentors!$A:$A,0)),"") -> More | F8: =IFERROR(INDEX(Mentors!$P:$P,MATCH($B8,Mentors!$A:$A,0)),"") -> Energy, Climate & Sustainability, Health & Bio | G8: =IFERROR(INDEX(Mentors!$T:$T,MATCH($B8,Mentors!$A:$A,0)),"") -> Finland
A10: Add other / ad-hoc candidates | B10: Type a mentor name (must exist on the Mentors tab) — their details auto-fill. Add brand-new people on the Mentors tab first.
A11: — | B11: Jane Example | C11: why you’re considering them | D11: =IFERROR(INDEX(Mentors!$B:$B,MATCH($B11,Mentors!$A:$A,0)),"") -> Ad-hoc | E11: =IFERROR(INDEX(Mentors!$Q:$Q,MATCH($B11,Mentors!$A:$A,0)),"") -> One | F11: =IFERROR(INDEX(Mentors!$P:$P,MATCH($B11,Mentors!$A:$A,0)),"") -> AI/ML & Data | G11: =IFERROR(INDEX(Mentors!$T:$T,MATCH($B11,Mentors!$A:$A,0)),"") -> Abroad
D12: =IFERROR(INDEX(Mentors!$B:$B,MATCH($B12,Mentors!$A:$A,0)),"") | E12: =IFERROR(INDEX(Mentors!$Q:$Q,MATCH($B12,Mentors!$A:$A,0)),"") | F12: =IFERROR(INDEX(Mentors!$P:$P,MATCH($B12,Mentors!$A:$A,0)),"") | G12: =IFERROR(INDEX(Mentors!$T:$T,MATCH($B12,Mentors!$A:$A,0)),"")
D13: =IFERROR(INDEX(Mentors!$B:$B,MATCH($B13,Mentors!$A:$A,0)),"") | E13: =IFERROR(INDEX(Mentors!$Q:$Q,MATCH($B13,Mentors!$A:$A,0)),"") | F13: =IFERROR(INDEX(Mentors!$P:$P,MATCH($B13,Mentors!$A:$A,0)),"") | G13: =IFERROR(INDEX(Mentors!$T:$T,MATCH($B13,Mentors!$A:$A,0)),"")
D14: =IFERROR(INDEX(Mentors!$B:$B,MATCH($B14,Mentors!$A:$A,0)),"") | E14: =IFERROR(INDEX(Mentors!$Q:$Q,MATCH($B14,Mentors!$A:$A,0)),"") | F14: =IFERROR(INDEX(Mentors!$P:$P,MATCH($B14,Mentors!$A:$A,0)),"") | G14: =IFERROR(INDEX(Mentors!$T:$T,MATCH($B14,Mentors!$A:$A,0)),"")
D15: =IFERROR(INDEX(Mentors!$B:$B,MATCH($B15,Mentors!$A:$A,0)),"") | E15: =IFERROR(INDEX(Mentors!$Q:$Q,MATCH($B15,Mentors!$A:$A,0)),"") | F15: =IFERROR(INDEX(Mentors!$P:$P,MATCH($B15,Mentors!$A:$A,0)),"") | G15: =IFERROR(INDEX(Mentors!$T:$T,MATCH($B15,Mentors!$A:$A,0)),"")
D16: =IFERROR(INDEX(Mentors!$B:$B,MATCH($B16,Mentors!$A:$A,0)),"") | E16: =IFERROR(INDEX(Mentors!$Q:$Q,MATCH($B16,Mentors!$A:$A,0)),"") | F16: =IFERROR(INDEX(Mentors!$P:$P,MATCH($B16,Mentors!$A:$A,0)),"") | G16: =IFERROR(INDEX(Mentors!$T:$T,MATCH($B16,Mentors!$A:$A,0)),"")

Sheet Medfinity
A1: Medfinity
A2: Med-student study platform
A3: Team’s stated needs: | B3: GTM/sales · Business model · Partnerships · Team/hiring
A5: Rank | B5: Mentor | C5: Why this is a fit | D5: Status | E5: Capacity | F5: Sector | G5: Based | H5: Assign? | I5: Notes
A6: 1 | B6: Dan Newmark | C6: strategy/BM · partnerships · team/ops · AI/data sector (Usa) | D6: =IFERROR(INDEX(Mentors!$B:$B,MATCH($B6,Mentors!$A:$A,0)),"") -> In | E6: =IFERROR(INDEX(Mentors!$Q:$Q,MATCH($B6,Mentors!$A:$A,0)),"") -> One | F6: =IFERROR(INDEX(Mentors!$P:$P,MATCH($B6,Mentors!$A:$A,0)),"") -> AI/ML & Data, Software / Cloud / Telecom | G6: =IFERROR(INDEX(Mentors!$T:$T,MATCH($B6,Mentors!$A:$A,0)),"") -> Usa
A7: 2 | B7: Hanna Helin | C7: GTM/sales · strategy/BM · partnerships · AI/data sector (tentative, USA) | D7: =IFERROR(INDEX(Mentors!$B:$B,MATCH($B7,Mentors!$A:$A,0)),"") -> Maybe | E7: =IFERROR(INDEX(Mentors!$Q:$Q,MATCH($B7,Mentors!$A:$A,0)),"") -> Two | F7: =IFERROR(INDEX(Mentors!$P:$P,MATCH($B7,Mentors!$A:$A,0)),"") -> AI/ML & Data, Cross-sector | G7: =IFERROR(INDEX(Mentors!$T:$T,MATCH($B7,Mentors!$A:$A,0)),"") -> USA
A8: 3 | B8: Sagar Tandon | C8: strategy/BM · team/ops · health sector | D8: =IFERROR(INDEX(Mentors!$B:$B,MATCH($B8,Mentors!$A:$A,0)),"") -> In | E8: =IFERROR(INDEX(Mentors!$Q:$Q,MATCH($B8,Mentors!$A:$A,0)),"") -> More | F8: =IFERROR(INDEX(Mentors!$P:$P,MATCH($B8,Mentors!$A:$A,0)),"") -> Energy, Climate & Sustainability, Health & Bio | G8: =IFERROR(INDEX(Mentors!$T:$T,MATCH($B8,Mentors!$A:$A,0)),"") -> Finland
A10: Add other / ad-hoc candidates | B10: Type a mentor name (must exist on the Mentors tab) — their details auto-fill. Add brand-new people on the Mentors tab first.
A11: — | B11: Jane Example | C11: why you’re considering them | D11: =IFERROR(INDEX(Mentors!$B:$B,MATCH($B11,Mentors!$A:$A,0)),"") -> Ad-hoc | E11: =IFERROR(INDEX(Mentors!$Q:$Q,MATCH($B11,Mentors!$A:$A,0)),"") -> One | F11: =IFERROR(INDEX(Mentors!$P:$P,MATCH($B11,Mentors!$A:$A,0)),"") -> AI/ML & Data | G11: =IFERROR(INDEX(Mentors!$T:$T,MATCH($B11,Mentors!$A:$A,0)),"") -> Abroad
D12: =IFERROR(INDEX(Mentors!$B:$B,MATCH($B12,Mentors!$A:$A,0)),"") | E12: =IFERROR(INDEX(Mentors!$Q:$Q,MATCH($B12,Mentors!$A:$A,0)),"") | F12: =IFERROR(INDEX(Mentors!$P:$P,MATCH($B12,Mentors!$A:$A,0)),"") | G12: =IFERROR(INDEX(Mentors!$T:$T,MATCH($B12,Mentors!$A:$A,0)),"")
D13: =IFERROR(INDEX(Mentors!$B:$B,MATCH($B13,Mentors!$A:$A,0)),"") | E13: =IFERROR(INDEX(Mentors!$Q:$Q,MATCH($B13,Mentors!$A:$A,0)),"") | F13: =IFERROR(INDEX(Mentors!$P:$P,MATCH($B13,Mentors!$A:$A,0)),"") | G13: =IFERROR(INDEX(Mentors!$T:$T,MATCH($B13,Mentors!$A:$A,0)),"")
D14: =IFERROR(INDEX(Mentors!$B:$B,MATCH($B14,Mentors!$A:$A,0)),"") | E14: =IFERROR(INDEX(Mentors!$Q:$Q,MATCH($B14,Mentors!$A:$A,0)),"") | F14: =IFERROR(INDEX(Mentors!$P:$P,MATCH($B14,Mentors!$A:$A,0)),"") | G14: =IFERROR(INDEX(Mentors!$T:$T,MATCH($B14,Mentors!$A:$A,0)),"")
D15: =IFERROR(INDEX(Mentors!$B:$B,MATCH($B15,Mentors!$A:$A,0)),"") | E15: =IFERROR(INDEX(Mentors!$Q:$Q,MATCH($B15,Mentors!$A:$A,0)),"") | F15: =IFERROR(INDEX(Mentors!$P:$P,MATCH($B15,Mentors!$A:$A,0)),"") | G15: =IFERROR(INDEX(Mentors!$T:$T,MATCH($B15,Mentors!$A:$A,0)),"")
D16: =IFERROR(INDEX(Mentors!$B:$B,MATCH($B16,Mentors!$A:$A,0)),"") | E16: =IFERROR(INDEX(Mentors!$Q:$Q,MATCH($B16,Mentors!$A:$A,0)),"") | F16: =IFERROR(INDEX(Mentors!$P:$P,MATCH($B16,Mentors!$A:$A,0)),"") | G16: =IFERROR(INDEX(Mentors!$T:$T,MATCH($B16,Mentors!$A:$A,0)),"")

Sheet Ossify Health
A1: Ossify Health
A2: Fracture / osteoporosis risk decision support
A3: Team’s stated needs: | B3: GTM/sales · Business model · Partnerships · Regulatory/clinical
A5: Rank | B5: Mentor | C5: Why this is a fit | D5: Status | E5: Capacity | F5: Sector | G5: Based | H5: Assign? | I5: Notes
A6: 1 | B6: Sagar Tandon | C6: strategy/BM · health sector | D6: =IFERROR(INDEX(Mentors!$B:$B,MATCH($B6,Mentors!$A:$A,0)),"") -> In | E6: =IFERROR(INDEX(Mentors!$Q:$Q,MATCH($B6,Mentors!$A:$A,0)),"") -> More | F6: =IFERROR(INDEX(Mentors!$P:$P,MATCH($B6,Mentors!$A:$A,0)),"") -> Energy, Climate & Sustainability, Health & Bio | G6: =IFERROR(INDEX(Mentors!$T:$T,MATCH($B6,Mentors!$A:$A,0)),"") -> Finland
A7: 2 | B7: Pablo Mosquera | C7: strategy/BM · health sector (Spain) | D7: =IFERROR(INDEX(Mentors!$B:$B,MATCH($B7,Mentors!$A:$A,0)),"") -> In | E7: =IFERROR(INDEX(Mentors!$Q:$Q,MATCH($B7,Mentors!$A:$A,0)),"") -> One | F7: =IFERROR(INDEX(Mentors!$P:$P,MATCH($B7,Mentors!$A:$A,0)),"") -> Health & Bio, Cross-sector | G7: =IFERROR(INDEX(Mentors!$T:$T,MATCH($B7,Mentors!$A:$A,0)),"") -> Spain
A8: 3 | B8: Veli-pekka Luoma | C8: GTM/sales · strategy/BM · partnerships · cross-sector | D8: =IFERROR(INDEX(Mentors!$B:$B,MATCH($B8,Mentors!$A:$A,0)),"") -> In | E8: =IFERROR(INDEX(Mentors!$Q:$Q,MATCH($B8,Mentors!$A:$A,0)),"") -> Two | F8: =IFERROR(INDEX(Mentors!$P:$P,MATCH($B8,Mentors!$A:$A,0)),"") -> Cross-sector | G8: =IFERROR(INDEX(Mentors!$T:$T,MATCH($B8,Mentors!$A:$A,0)),"") -> Finland
A10: Add other / ad-hoc candidates | B10: Type a mentor name (must exist on the Mentors tab) — their details auto-fill. Add brand-new people on the Mentors tab first.
A11: — | B11: Jane Example | C11: why you’re considering them | D11: =IFERROR(INDEX(Mentors!$B:$B,MATCH($B11,Mentors!$A:$A,0)),"") -> Ad-hoc | E11: =IFERROR(INDEX(Mentors!$Q:$Q,MATCH($B11,Mentors!$A:$A,0)),"") -> One | F11: =IFERROR(INDEX(Mentors!$P:$P,MATCH($B11,Mentors!$A:$A,0)),"") -> AI/ML & Data | G11: =IFERROR(INDEX(Mentors!$T:$T,MATCH($B11,Mentors!$A:$A,0)),"") -> Abroad
D12: =IFERROR(INDEX(Mentors!$B:$B,MATCH($B12,Mentors!$A:$A,0)),"") | E12: =IFERROR(INDEX(Mentors!$Q:$Q,MATCH($B12,Mentors!$A:$A,0)),"") | F12: =IFERROR(INDEX(Mentors!$P:$P,MATCH($B12,Mentors!$A:$A,0)),"") | G12: =IFERROR(INDEX(Mentors!$T:$T,MATCH($B12,Mentors!$A:$A,0)),"")
D13: =IFERROR(INDEX(Mentors!$B:$B,MATCH($B13,Mentors!$A:$A,0)),"") | E13: =IFERROR(INDEX(Mentors!$Q:$Q,MATCH($B13,Mentors!$A:$A,0)),"") | F13: =IFERROR(INDEX(Mentors!$P:$P,MATCH($B13,Mentors!$A:$A,0)),"") | G13: =IFERROR(INDEX(Mentors!$T:$T,MATCH($B13,Mentors!$A:$A,0)),"")
D14: =IFERROR(INDEX(Mentors!$B:$B,MATCH($B14,Mentors!$A:$A,0)),"") | E14: =IFERROR(INDEX(Mentors!$Q:$Q,MATCH($B14,Mentors!$A:$A,0)),"") | F14: =IFERROR(INDEX(Mentors!$P:$P,MATCH($B14,Mentors!$A:$A,0)),"") | G14: =IFERROR(INDEX(Mentors!$T:$T,MATCH($B14,Mentors!$A:$A,0)),"")
D15: =IFERROR(INDEX(Mentors!$B:$B,MATCH($B15,Mentors!$A:$A,0)),"") | E15: =IFERROR(INDEX(Mentors!$Q:$Q,MATCH($B15,Mentors!$A:$A,0)),"") | F15: =IFERROR(INDEX(Mentors!$P:$P,MATCH($B15,Mentors!$A:$A,0)),"") | G15: =IFERROR(INDEX(Mentors!$T:$T,MATCH($B15,Mentors!$A:$A,0)),"")
D16: =IFERROR(INDEX(Mentors!$B:$B,MATCH($B16,Mentors!$A:$A,0)),"") | E16: =IFERROR(INDEX(Mentors!$Q:$Q,MATCH($B16,Mentors!$A:$A,0)),"") | F16: =IFERROR(INDEX(Mentors!$P:$P,MATCH($B16,Mentors!$A:$A,0)),"") | G16: =IFERROR(INDEX(Mentors!$T:$T,MATCH($B16,Mentors!$A:$A,0)),"")

Sheet RadiXpert AI
A1: RadiXpert AI
A2: AI radiology imaging
A3: Team’s stated needs: | B3: Fundraising · Business model · Legal/IP · Partnerships · Regulatory/clinical
A5: Rank | B5: Mentor | C5: Why this is a fit | D5: Status | E5: Capacity | F5: Sector | G5: Based | H5: Assign? | I5: Notes
A6: 1 | B6: Pablo Mosquera | C6: fundraising · strategy/BM · finance/legal/IP · health sector (Spain) | D6: =IFERROR(INDEX(Mentors!$B:$B,MATCH($B6,Mentors!$A:$A,0)),"") -> In | E6: =IFERROR(INDEX(Mentors!$Q:$Q,MATCH($B6,Mentors!$A:$A,0)),"") -> One | F6: =IFERROR(INDEX(Mentors!$P:$P,MATCH($B6,Mentors!$A:$A,0)),"") -> Health & Bio, Cross-sector | G6: =IFERROR(INDEX(Mentors!$T:$T,MATCH($B6,Mentors!$A:$A,0)),"") -> Spain
A7: 2 | B7: Sagar Tandon | C7: fundraising · strategy/BM · health sector | D7: =IFERROR(INDEX(Mentors!$B:$B,MATCH($B7,Mentors!$A:$A,0)),"") -> In | E7: =IFERROR(INDEX(Mentors!$Q:$Q,MATCH($B7,Mentors!$A:$A,0)),"") -> More | F7: =IFERROR(INDEX(Mentors!$P:$P,MATCH($B7,Mentors!$A:$A,0)),"") -> Energy, Climate & Sustainability, Health & Bio | G7: =IFERROR(INDEX(Mentors!$T:$T,MATCH($B7,Mentors!$A:$A,0)),"") -> Finland
A8: 3 | B8: Anja Leissner | C8: fundraising · strategy/BM · health sector (tentative, Sweden) | D8: =IFERROR(INDEX(Mentors!$B:$B,MATCH($B8,Mentors!$A:$A,0)),"") -> Maybe | E8: =IFERROR(INDEX(Mentors!$Q:$Q,MATCH($B8,Mentors!$A:$A,0)),"") -> One | F8: =IFERROR(INDEX(Mentors!$P:$P,MATCH($B8,Mentors!$A:$A,0)),"") -> Energy, Climate & Sustainability, Health & Bio | G8: =IFERROR(INDEX(Mentors!$T:$T,MATCH($B8,Mentors!$A:$A,0)),"") -> Sweden
A10: Add other / ad-hoc candidates | B10: Type a mentor name (must exist on the Mentors tab) — their details auto-fill. Add brand-new people on the Mentors tab first.
A11: — | B11: Jane Example | C11: why you’re considering them | D11: =IFERROR(INDEX(Mentors!$B:$B,MATCH($B11,Mentors!$A:$A,0)),"") -> Ad-hoc | E11: =IFERROR(INDEX(Mentors!$Q:$Q,MATCH($B11,Mentors!$A:$A,0)),"") -> One | F11: =IFERROR(INDEX(Mentors!$P:$P,MATCH($B11,Mentors!$A:$A,0)),"") -> AI/ML & Data | G11: =IFERROR(INDEX(Mentors!$T:$T,MATCH($B11,Mentors!$A:$A,0)),"") -> Abroad
D12: =IFERROR(INDEX(Mentors!$B:$B,MATCH($B12,Mentors!$A:$A,0)),"") | E12: =IFERROR(INDEX(Mentors!$Q:$Q,MATCH($B12,Mentors!$A:$A,0)),"") | F12: =IFERROR(INDEX(Mentors!$P:$P,MATCH($B12,Mentors!$A:$A,0)),"") | G12: =IFERROR(INDEX(Mentors!$T:$T,MATCH($B12,Mentors!$A:$A,0)),"")
D13: =IFERROR(INDEX(Mentors!$B:$B,MATCH($B13,Mentors!$A:$A,0)),"") | E13: =IFERROR(INDEX(Mentors!$Q:$Q,MATCH($B13,Mentors!$A:$A,0)),"") | F13: =IFERROR(INDEX(Mentors!$P:$P,MATCH($B13,Mentors!$A:$A,0)),"") | G13: =IFERROR(INDEX(Mentors!$T:$T,MATCH($B13,Mentors!$A:$A,0)),"")
D14: =IFERROR(INDEX(Mentors!$B:$B,MATCH($B14,Mentors!$A:$A,0)),"") | E14: =IFERROR(INDEX(Mentors!$Q:$Q,MATCH($B14,Mentors!$A:$A,0)),"") | F14: =IFERROR(INDEX(Mentors!$P:$P,MATCH($B14,Mentors!$A:$A,0)),"") | G14: =IFERROR(INDEX(Mentors!$T:$T,MATCH($B14,Mentors!$A:$A,0)),"")
D15: =IFERROR(INDEX(Mentors!$B:$B,MATCH($B15,Mentors!$A:$A,0)),"") | E15: =IFERROR(INDEX(Mentors!$Q:$Q,MATCH($B15,Mentors!$A:$A,0)),"") | F15: =IFERROR(INDEX(Mentors!$P:$P,MATCH($B15,Mentors!$A:$A,0)),"") | G15: =IFERROR(INDEX(Mentors!$T:$T,MATCH($B15,Mentors!$A:$A,0)),"")
D16: =IFERROR(INDEX(Mentors!$B:$B,MATCH($B16,Mentors!$A:$A,0)),"") | E16: =IFERROR(INDEX(Mentors!$Q:$Q,MATCH($B16,Mentors!$A:$A,0)),"") | F16: =IFERROR(INDEX(Mentors!$P:$P,MATCH($B16,Mentors!$A:$A,0)),"") | G16: =IFERROR(INDEX(Mentors!$T:$T,MATCH($B16,Mentors!$A:$A,0)),"")

Sheet Selkotili
A1: Selkotili
A2: AI accounting & bookkeeping
A3: Team’s stated needs: | B3: GTM/sales · Fundraising · Legal/IP · Partnerships
A5: Rank | B5: Mentor | C5: Why this is a fit | D5: Status | E5: Capacity | F5: Sector | G5: Based | H5: Assign? | I5: Notes
A6: 1 | B6: Sergio Rodrigues | C6: GTM/sales · fundraising · AI/data sector (Spain) | D6: =IFERROR(INDEX(Mentors!$B:$B,MATCH($B6,Mentors!$A:$A,0)),"") -> In | E6: =IFERROR(INDEX(Mentors!$Q:$Q,MATCH($B6,Mentors!$A:$A,0)),"") -> One | F6: =IFERROR(INDEX(Mentors!$P:$P,MATCH($B6,Mentors!$A:$A,0)),"") -> AI/ML & Data, Software / Cloud / Telecom | G6: =IFERROR(INDEX(Mentors!$T:$T,MATCH($B6,Mentors!$A:$A,0)),"") -> Spain
A7: 2 | B7: Hanna Helin | C7: GTM/sales · partnerships · AI/data sector (tentative, USA) | D7: =IFERROR(INDEX(Mentors!$B:$B,MATCH($B7,Mentors!$A:$A,0)),"") -> Maybe | E7: =IFERROR(INDEX(Mentors!$Q:$Q,MATCH($B7,Mentors!$A:$A,0)),"") -> Two | F7: =IFERROR(INDEX(Mentors!$P:$P,MATCH($B7,Mentors!$A:$A,0)),"") -> AI/ML & Data, Cross-sector | G7: =IFERROR(INDEX(Mentors!$T:$T,MATCH($B7,Mentors!$A:$A,0)),"") -> USA
A8: 3 | B8: Veli-pekka Luoma | C8: GTM/sales · partnerships · cross-sector | D8: =IFERROR(INDEX(Mentors!$B:$B,MATCH($B8,Mentors!$A:$A,0)),"") -> In | E8: =IFERROR(INDEX(Mentors!$Q:$Q,MATCH($B8,Mentors!$A:$A,0)),"") -> Two | F8: =IFERROR(INDEX(Mentors!$P:$P,MATCH($B8,Mentors!$A:$A,0)),"") -> Cross-sector | G8: =IFERROR(INDEX(Mentors!$T:$T,MATCH($B8,Mentors!$A:$A,0)),"") -> Finland
A10: Add other / ad-hoc candidates | B10: Type a mentor name (must exist on the Mentors tab) — their details auto-fill. Add brand-new people on the Mentors tab first.
A11: — | B11: Jane Example | C11: why you’re considering them | D11: =IFERROR(INDEX(Mentors!$B:$B,MATCH($B11,Mentors!$A:$A,0)),"") -> Ad-hoc | E11: =IFERROR(INDEX(Mentors!$Q:$Q,MATCH($B11,Mentors!$A:$A,0)),"") -> One | F11: =IFERROR(INDEX(Mentors!$P:$P,MATCH($B11,Mentors!$A:$A,0)),"") -> AI/ML & Data | G11: =IFERROR(INDEX(Mentors!$T:$T,MATCH($B11,Mentors!$A:$A,0)),"") -> Abroad
D12: =IFERROR(INDEX(Mentors!$B:$B,MATCH($B12,Mentors!$A:$A,0)),"") | E12: =IFERROR(INDEX(Mentors!$Q:$Q,MATCH($B12,Mentors!$A:$A,0)),"") | F12: =IFERROR(INDEX(Mentors!$P:$P,MATCH($B12,Mentors!$A:$A,0)),"") | G12: =IFERROR(INDEX(Mentors!$T:$T,MATCH($B12,Mentors!$A:$A,0)),"")
D13: =IFERROR(INDEX(Mentors!$B:$B,MATCH($B13,Mentors!$A:$A,0)),"") | E13: =IFERROR(INDEX(Mentors!$Q:$Q,MATCH($B13,Mentors!$A:$A,0)),"") | F13: =IFERROR(INDEX(Mentors!$P:$P,MATCH($B13,Mentors!$A:$A,0)),"") | G13: =IFERROR(INDEX(Mentors!$T:$T,MATCH($B13,Mentors!$A:$A,0)),"")
D14: =IFERROR(INDEX(Mentors!$B:$B,MATCH($B14,Mentors!$A:$A,0)),"") | E14: =IFERROR(INDEX(Mentors!$Q:$Q,MATCH($B14,Mentors!$A:$A,0)),"") | F14: =IFERROR(INDEX(Mentors!$P:$P,MATCH($B14,Mentors!$A:$A,0)),"") | G14: =IFERROR(INDEX(Mentors!$T:$T,MATCH($B14,Mentors!$A:$A,0)),"")
D15: =IFERROR(INDEX(Mentors!$B:$B,MATCH($B15,Mentors!$A:$A,0)),"") | E15: =IFERROR(INDEX(Mentors!$Q:$Q,MATCH($B15,Mentors!$A:$A,0)),"") | F15: =IFERROR(INDEX(Mentors!$P:$P,MATCH($B15,Mentors!$A:$A,0)),"") | G15: =IFERROR(INDEX(Mentors!$T:$T,MATCH($B15,Mentors!$A:$A,0)),"")
D16: =IFERROR(INDEX(Mentors!$B:$B,MATCH($B16,Mentors!$A:$A,0)),"") | E16: =IFERROR(INDEX(Mentors!$Q:$Q,MATCH($B16,Mentors!$A:$A,0)),"") | F16: =IFERROR(INDEX(Mentors!$P:$P,MATCH($B16,Mentors!$A:$A,0)),"") | G16: =IFERROR(INDEX(Mentors!$T:$T,MATCH($B16,Mentors!$A:$A,0)),"")

Sheet Straim
A1: Straim
A2: B2B AI music streaming
A3: Team’s stated needs: | B3: GTM/sales · Fundraising · Legal/IP · Team/hiring
A5: Rank | B5: Mentor | C5: Why this is a fit | D5: Status | E5: Capacity | F5: Sector | G5: Based | H5: Assign? | I5: Notes
A6: 1 | B6: Sergio Rodrigues | C6: GTM/sales · fundraising · AI/data sector (Spain) | D6: =IFERROR(INDEX(Mentors!$B:$B,MATCH($B6,Mentors!$A:$A,0)),"") -> In | E6: =IFERROR(INDEX(Mentors!$Q:$Q,MATCH($B6,Mentors!$A:$A,0)),"") -> One | F6: =IFERROR(INDEX(Mentors!$P:$P,MATCH($B6,Mentors!$A:$A,0)),"") -> AI/ML & Data, Software / Cloud / Telecom | G6: =IFERROR(INDEX(Mentors!$T:$T,MATCH($B6,Mentors!$A:$A,0)),"") -> Spain
A7: 2 | B7: Ramón | C7: GTM/sales · team/ops · cross-sector | D7: =IFERROR(INDEX(Mentors!$B:$B,MATCH($B7,Mentors!$A:$A,0)),"") -> In | E7: =IFERROR(INDEX(Mentors!$Q:$Q,MATCH($B7,Mentors!$A:$A,0)),"") -> One | F7: =IFERROR(INDEX(Mentors!$P:$P,MATCH($B7,Mentors!$A:$A,0)),"") -> Cross-sector | G7: =IFERROR(INDEX(Mentors!$T:$T,MATCH($B7,Mentors!$A:$A,0)),"") -> Finland
A8: 3 | B8: Asaf Wolff | C8: GTM/sales · team/ops · cross-sector (USA) | D8: =IFERROR(INDEX(Mentors!$B:$B,MATCH($B8,Mentors!$A:$A,0)),"") -> In | E8: =IFERROR(INDEX(Mentors!$Q:$Q,MATCH($B8,Mentors!$A:$A,0)),"") -> Two | F8: =IFERROR(INDEX(Mentors!$P:$P,MATCH($B8,Mentors!$A:$A,0)),"") -> Cross-sector | G8: =IFERROR(INDEX(Mentors!$T:$T,MATCH($B8,Mentors!$A:$A,0)),"") -> USA
A10: Add other / ad-hoc candidates | B10: Type a mentor name (must exist on the Mentors tab) — their details auto-fill. Add brand-new people on the Mentors tab first.
A11: — | B11: Jane Example | C11: why you’re considering them | D11: =IFERROR(INDEX(Mentors!$B:$B,MATCH($B11,Mentors!$A:$A,0)),"") -> Ad-hoc | E11: =IFERROR(INDEX(Mentors!$Q:$Q,MATCH($B11,Mentors!$A:$A,0)),"") -> One | F11: =IFERROR(INDEX(Mentors!$P:$P,MATCH($B11,Mentors!$A:$A,0)),"") -> AI/ML & Data | G11: =IFERROR(INDEX(Mentors!$T:$T,MATCH($B11,Mentors!$A:$A,0)),"") -> Abroad
D12: =IFERROR(INDEX(Mentors!$B:$B,MATCH($B12,Mentors!$A:$A,0)),"") | E12: =IFERROR(INDEX(Mentors!$Q:$Q,MATCH($B12,Mentors!$A:$A,0)),"") | F12: =IFERROR(INDEX(Mentors!$P:$P,MATCH($B12,Mentors!$A:$A,0)),"") | G12: =IFERROR(INDEX(Mentors!$T:$T,MATCH($B12,Mentors!$A:$A,0)),"")
D13: =IFERROR(INDEX(Mentors!$B:$B,MATCH($B13,Mentors!$A:$A,0)),"") | E13: =IFERROR(INDEX(Mentors!$Q:$Q,MATCH($B13,Mentors!$A:$A,0)),"") | F13: =IFERROR(INDEX(Mentors!$P:$P,MATCH($B13,Mentors!$A:$A,0)),"") | G13: =IFERROR(INDEX(Mentors!$T:$T,MATCH($B13,Mentors!$A:$A,0)),"")
D14: =IFERROR(INDEX(Mentors!$B:$B,MATCH($B14,Mentors!$A:$A,0)),"") | E14: =IFERROR(INDEX(Mentors!$Q:$Q,MATCH($B14,Mentors!$A:$A,0)),"") | F14: =IFERROR(INDEX(Mentors!$P:$P,MATCH($B14,Mentors!$A:$A,0)),"") | G14: =IFERROR(INDEX(Mentors!$T:$T,MATCH($B14,Mentors!$A:$A,0)),"")
D15: =IFERROR(INDEX(Mentors!$B:$B,MATCH($B15,Mentors!$A:$A,0)),"") | E15: =IFERROR(INDEX(Mentors!$Q:$Q,MATCH($B15,Mentors!$A:$A,0)),"") | F15: =IFERROR(INDEX(Mentors!$P:$P,MATCH($B15,Mentors!$A:$A,0)),"") | G15: =IFERROR(INDEX(Mentors!$T:$T,MATCH($B15,Mentors!$A:$A,0)),"")
D16: =IFERROR(INDEX(Mentors!$B:$B,MATCH($B16,Mentors!$A:$A,0)),"") | E16: =IFERROR(INDEX(Mentors!$Q:$Q,MATCH($B16,Mentors!$A:$A,0)),"") | F16: =IFERROR(INDEX(Mentors!$P:$P,MATCH($B16,Mentors!$A:$A,0)),"") | G16: =IFERROR(INDEX(Mentors!$T:$T,MATCH($B16,Mentors!$A:$A,0)),"")

Sheet Teal
A1: Teal
A2: Automated scam-baiting
A3: Team’s stated needs: | B3: GTM/sales · Business model · Legal/IP · Team/hiring · Product
A5: Rank | B5: Mentor | C5: Why this is a fit | D5: Status | E5: Capacity | F5: Sector | G5: Based | H5: Assign? | I5: Notes
A6: 1 | B6: Matti Aksela | C6: strategy/BM · team/ops · product · AI/data sector | D6: =IFERROR(INDEX(Mentors!$B:$B,MATCH($B6,Mentors!$A:$A,0)),"") -> In | E6: =IFERROR(INDEX(Mentors!$Q:$Q,MATCH($B6,Mentors!$A:$A,0)),"") -> One | F6: =IFERROR(INDEX(Mentors!$P:$P,MATCH($B6,Mentors!$A:$A,0)),"") -> AI/ML & Data | G6: =IFERROR(INDEX(Mentors!$T:$T,MATCH($B6,Mentors!$A:$A,0)),"") -> Finland
A7: 2 | B7: Andres Leonardo Martinez Ortiz | C7: strategy/BM · team/ops · product · AI/data sector (Switzerland) | D7: =IFERROR(INDEX(Mentors!$B:$B,MATCH($B7,Mentors!$A:$A,0)),"") -> In | E7: =IFERROR(INDEX(Mentors!$Q:$Q,MATCH($B7,Mentors!$A:$A,0)),"") -> One | F7: =IFERROR(INDEX(Mentors!$P:$P,MATCH($B7,Mentors!$A:$A,0)),"") -> AI/ML & Data, Software / Cloud / Telecom | G7: =IFERROR(INDEX(Mentors!$T:$T,MATCH($B7,Mentors!$A:$A,0)),"") -> Switzerland
A8: 3 | B8: Soma Sarkar | C8: team/ops · product · software sector | D8: =IFERROR(INDEX(Mentors!$B:$B,MATCH($B8,Mentors!$A:$A,0)),"") -> In | E8: =IFERROR(INDEX(Mentors!$Q:$Q,MATCH($B8,Mentors!$A:$A,0)),"") -> Two | F8: =IFERROR(INDEX(Mentors!$P:$P,MATCH($B8,Mentors!$A:$A,0)),"") -> Software / Cloud / Telecom, Defence & Dual-use | G8: =IFERROR(INDEX(Mentors!$T:$T,MATCH($B8,Mentors!$A:$A,0)),"") -> Finland
A10: Add other / ad-hoc candidates | B10: Type a mentor name (must exist on the Mentors tab) — their details auto-fill. Add brand-new people on the Mentors tab first.
A11: — | B11: Jane Example | C11: why you’re considering them | D11: =IFERROR(INDEX(Mentors!$B:$B,MATCH($B11,Mentors!$A:$A,0)),"") -> Ad-hoc | E11: =IFERROR(INDEX(Mentors!$Q:$Q,MATCH($B11,Mentors!$A:$A,0)),"") -> One | F11: =IFERROR(INDEX(Mentors!$P:$P,MATCH($B11,Mentors!$A:$A,0)),"") -> AI/ML & Data | G11: =IFERROR(INDEX(Mentors!$T:$T,MATCH($B11,Mentors!$A:$A,0)),"") -> Abroad
D12: =IFERROR(INDEX(Mentors!$B:$B,MATCH($B12,Mentors!$A:$A,0)),"") | E12: =IFERROR(INDEX(Mentors!$Q:$Q,MATCH($B12,Mentors!$A:$A,0)),"") | F12: =IFERROR(INDEX(Mentors!$P:$P,MATCH($B12,Mentors!$A:$A,0)),"") | G12: =IFERROR(INDEX(Mentors!$T:$T,MATCH($B12,Mentors!$A:$A,0)),"")
D13: =IFERROR(INDEX(Mentors!$B:$B,MATCH($B13,Mentors!$A:$A,0)),"") | E13: =IFERROR(INDEX(Mentors!$Q:$Q,MATCH($B13,Mentors!$A:$A,0)),"") | F13: =IFERROR(INDEX(Mentors!$P:$P,MATCH($B13,Mentors!$A:$A,0)),"") | G13: =IFERROR(INDEX(Mentors!$T:$T,MATCH($B13,Mentors!$A:$A,0)),"")
D14: =IFERROR(INDEX(Mentors!$B:$B,MATCH($B14,Mentors!$A:$A,0)),"") | E14: =IFERROR(INDEX(Mentors!$Q:$Q,MATCH($B14,Mentors!$A:$A,0)),"") | F14: =IFERROR(INDEX(Mentors!$P:$P,MATCH($B14,Mentors!$A:$A,0)),"") | G14: =IFERROR(INDEX(Mentors!$T:$T,MATCH($B14,Mentors!$A:$A,0)),"")
D15: =IFERROR(INDEX(Mentors!$B:$B,MATCH($B15,Mentors!$A:$A,0)),"") | E15: =IFERROR(INDEX(Mentors!$Q:$Q,MATCH($B15,Mentors!$A:$A,0)),"") | F15: =IFERROR(INDEX(Mentors!$P:$P,MATCH($B15,Mentors!$A:$A,0)),"") | G15: =IFERROR(INDEX(Mentors!$T:$T,MATCH($B15,Mentors!$A:$A,0)),"")
D16: =IFERROR(INDEX(Mentors!$B:$B,MATCH($B16,Mentors!$A:$A,0)),"") | E16: =IFERROR(INDEX(Mentors!$Q:$Q,MATCH($B16,Mentors!$A:$A,0)),"") | F16: =IFERROR(INDEX(Mentors!$P:$P,MATCH($B16,Mentors!$A:$A,0)),"") | G16: =IFERROR(INDEX(Mentors!$T:$T,MATCH($B16,Mentors!$A:$A,0)),"")

Sheet Valox
A1: Valox
A2: Green-chemistry photocatalysis
A3: Team’s stated needs: | B3: GTM/sales · Fundraising · Business model · Partnerships
A5: Rank | B5: Mentor | C5: Why this is a fit | D5: Status | E5: Capacity | F5: Sector | G5: Based | H5: Assign? | I5: Notes
A6: 1 | B6: Sagar Tandon | C6: fundraising · strategy/BM · climate sector | D6: =IFERROR(INDEX(Mentors!$B:$B,MATCH($B6,Mentors!$A:$A,0)),"") -> In | E6: =IFERROR(INDEX(Mentors!$Q:$Q,MATCH($B6,Mentors!$A:$A,0)),"") -> More | F6: =IFERROR(INDEX(Mentors!$P:$P,MATCH($B6,Mentors!$A:$A,0)),"") -> Energy, Climate & Sustainability, Health & Bio | G6: =IFERROR(INDEX(Mentors!$T:$T,MATCH($B6,Mentors!$A:$A,0)),"") -> Finland
A7: 2 | B7: Oriol Pascual | C7: fundraising · strategy/BM · hardware sector | D7: =IFERROR(INDEX(Mentors!$B:$B,MATCH($B7,Mentors!$A:$A,0)),"") -> In | E7: =IFERROR(INDEX(Mentors!$Q:$Q,MATCH($B7,Mentors!$A:$A,0)),"") -> Two | F7: =IFERROR(INDEX(Mentors!$P:$P,MATCH($B7,Mentors!$A:$A,0)),"") -> Hardware, Materials & Manufacturing, Energy, Climate & Sustainability | G7: =IFERROR(INDEX(Mentors!$T:$T,MATCH($B7,Mentors!$A:$A,0)),"") -> Finland
A8: 3 | B8: Veli-pekka Luoma | C8: GTM/sales · strategy/BM · partnerships · cross-sector | D8: =IFERROR(INDEX(Mentors!$B:$B,MATCH($B8,Mentors!$A:$A,0)),"") -> In | E8: =IFERROR(INDEX(Mentors!$Q:$Q,MATCH($B8,Mentors!$A:$A,0)),"") -> Two | F8: =IFERROR(INDEX(Mentors!$P:$P,MATCH($B8,Mentors!$A:$A,0)),"") -> Cross-sector | G8: =IFERROR(INDEX(Mentors!$T:$T,MATCH($B8,Mentors!$A:$A,0)),"") -> Finland
A10: Add other / ad-hoc candidates | B10: Type a mentor name (must exist on the Mentors tab) — their details auto-fill. Add brand-new people on the Mentors tab first.
A11: — | B11: Jane Example | C11: why you’re considering them | D11: =IFERROR(INDEX(Mentors!$B:$B,MATCH($B11,Mentors!$A:$A,0)),"") -> Ad-hoc | E11: =IFERROR(INDEX(Mentors!$Q:$Q,MATCH($B11,Mentors!$A:$A,0)),"") -> One | F11: =IFERROR(INDEX(Mentors!$P:$P,MATCH($B11,Mentors!$A:$A,0)),"") -> AI/ML & Data | G11: =IFERROR(INDEX(Mentors!$T:$T,MATCH($B11,Mentors!$A:$A,0)),"") -> Abroad
D12: =IFERROR(INDEX(Mentors!$B:$B,MATCH($B12,Mentors!$A:$A,0)),"") | E12: =IFERROR(INDEX(Mentors!$Q:$Q,MATCH($B12,Mentors!$A:$A,0)),"") | F12: =IFERROR(INDEX(Mentors!$P:$P,MATCH($B12,Mentors!$A:$A,0)),"") | G12: =IFERROR(INDEX(Mentors!$T:$T,MATCH($B12,Mentors!$A:$A,0)),"")
D13: =IFERROR(INDEX(Mentors!$B:$B,MATCH($B13,Mentors!$A:$A,0)),"") | E13: =IFERROR(INDEX(Mentors!$Q:$Q,MATCH($B13,Mentors!$A:$A,0)),"") | F13: =IFERROR(INDEX(Mentors!$P:$P,MATCH($B13,Mentors!$A:$A,0)),"") | G13: =IFERROR(INDEX(Mentors!$T:$T,MATCH($B13,Mentors!$A:$A,0)),"")
D14: =IFERROR(INDEX(Mentors!$B:$B,MATCH($B14,Mentors!$A:$A,0)),"") | E14: =IFERROR(INDEX(Mentors!$Q:$Q,MATCH($B14,Mentors!$A:$A,0)),"") | F14: =IFERROR(INDEX(Mentors!$P:$P,MATCH($B14,Mentors!$A:$A,0)),"") | G14: =IFERROR(INDEX(Mentors!$T:$T,MATCH($B14,Mentors!$A:$A,0)),"")
D15: =IFERROR(INDEX(Mentors!$B:$B,MATCH($B15,Mentors!$A:$A,0)),"") | E15: =IFERROR(INDEX(Mentors!$Q:$Q,MATCH($B15,Mentors!$A:$A,0)),"") | F15: =IFERROR(INDEX(Mentors!$P:$P,MATCH($B15,Mentors!$A:$A,0)),"") | G15: =IFERROR(INDEX(Mentors!$T:$T,MATCH($B15,Mentors!$A:$A,0)),"")
D16: =IFERROR(INDEX(Mentors!$B:$B,MATCH($B16,Mentors!$A:$A,0)),"") | E16: =IFERROR(INDEX(Mentors!$Q:$Q,MATCH($B16,Mentors!$A:$A,0)),"") | F16: =IFERROR(INDEX(Mentors!$P:$P,MATCH($B16,Mentors!$A:$A,0)),"") | G16: =IFERROR(INDEX(Mentors!$T:$T,MATCH($B16,Mentors!$A:$A,0)),"")

Sheet White Hat
A1: White Hat
A2: AI construction PM (from assessment; no survey)
A3: Team’s stated needs: | B3: GTM/sales · Fundraising · Business model · Partnerships · Team/hiring
A5: Rank | B5: Mentor | C5: Why this is a fit | D5: Status | E5: Capacity | F5: Sector | G5: Based | H5: Assign? | I5: Notes
A6: 1 | B6: Dan Newmark | C6: strategy/BM · partnerships · team/ops · AI/data sector (Usa) | D6: =IFERROR(INDEX(Mentors!$B:$B,MATCH($B6,Mentors!$A:$A,0)),"") -> In | E6: =IFERROR(INDEX(Mentors!$Q:$Q,MATCH($B6,Mentors!$A:$A,0)),"") -> One | F6: =IFERROR(INDEX(Mentors!$P:$P,MATCH($B6,Mentors!$A:$A,0)),"") -> AI/ML & Data, Software / Cloud / Telecom | G6: =IFERROR(INDEX(Mentors!$T:$T,MATCH($B6,Mentors!$A:$A,0)),"") -> Usa
A7: 2 | B7: Hanna Helin | C7: GTM/sales · strategy/BM · partnerships · AI/data sector (tentative, USA) | D7: =IFERROR(INDEX(Mentors!$B:$B,MATCH($B7,Mentors!$A:$A,0)),"") -> Maybe | E7: =IFERROR(INDEX(Mentors!$Q:$Q,MATCH($B7,Mentors!$A:$A,0)),"") -> Two | F7: =IFERROR(INDEX(Mentors!$P:$P,MATCH($B7,Mentors!$A:$A,0)),"") -> AI/ML & Data, Cross-sector | G7: =IFERROR(INDEX(Mentors!$T:$T,MATCH($B7,Mentors!$A:$A,0)),"") -> USA
A8: 3 | B8: Sergio Rodrigues | C8: GTM/sales · fundraising · AI/data sector (Spain) | D8: =IFERROR(INDEX(Mentors!$B:$B,MATCH($B8,Mentors!$A:$A,0)),"") -> In | E8: =IFERROR(INDEX(Mentors!$Q:$Q,MATCH($B8,Mentors!$A:$A,0)),"") -> One | F8: =IFERROR(INDEX(Mentors!$P:$P,MATCH($B8,Mentors!$A:$A,0)),"") -> AI/ML & Data, Software / Cloud / Telecom | G8: =IFERROR(INDEX(Mentors!$T:$T,MATCH($B8,Mentors!$A:$A,0)),"") -> Spain
A10: Add other / ad-hoc candidates | B10: Type a mentor name (must exist on the Mentors tab) — their details auto-fill. Add brand-new people on the Mentors tab first.
A11: — | B11: Jane Example | C11: why you’re considering them | D11: =IFERROR(INDEX(Mentors!$B:$B,MATCH($B11,Mentors!$A:$A,0)),"") -> Ad-hoc | E11: =IFERROR(INDEX(Mentors!$Q:$Q,MATCH($B11,Mentors!$A:$A,0)),"") -> One | F11: =IFERROR(INDEX(Mentors!$P:$P,MATCH($B11,Mentors!$A:$A,0)),"") -> AI/ML & Data | G11: =IFERROR(INDEX(Mentors!$T:$T,MATCH($B11,Mentors!$A:$A,0)),"") -> Abroad
D12: =IFERROR(INDEX(Mentors!$B:$B,MATCH($B12,Mentors!$A:$A,0)),"") | E12: =IFERROR(INDEX(Mentors!$Q:$Q,MATCH($B12,Mentors!$A:$A,0)),"") | F12: =IFERROR(INDEX(Mentors!$P:$P,MATCH($B12,Mentors!$A:$A,0)),"") | G12: =IFERROR(INDEX(Mentors!$T:$T,MATCH($B12,Mentors!$A:$A,0)),"")
D13: =IFERROR(INDEX(Mentors!$B:$B,MATCH($B13,Mentors!$A:$A,0)),"") | E13: =IFERROR(INDEX(Mentors!$Q:$Q,MATCH($B13,Mentors!$A:$A,0)),"") | F13: =IFERROR(INDEX(Mentors!$P:$P,MATCH($B13,Mentors!$A:$A,0)),"") | G13: =IFERROR(INDEX(Mentors!$T:$T,MATCH($B13,Mentors!$A:$A,0)),"")
D14: =IFERROR(INDEX(Mentors!$B:$B,MATCH($B14,Mentors!$A:$A,0)),"") | E14: =IFERROR(INDEX(Mentors!$Q:$Q,MATCH($B14,Mentors!$A:$A,0)),"") | F14: =IFERROR(INDEX(Mentors!$P:$P,MATCH($B14,Mentors!$A:$A,0)),"") | G14: =IFERROR(INDEX(Mentors!$T:$T,MATCH($B14,Mentors!$A:$A,0)),"")
D15: =IFERROR(INDEX(Mentors!$B:$B,MATCH($B15,Mentors!$A:$A,0)),"") | E15: =IFERROR(INDEX(Mentors!$Q:$Q,MATCH($B15,Mentors!$A:$A,0)),"") | F15: =IFERROR(INDEX(Mentors!$P:$P,MATCH($B15,Mentors!$A:$A,0)),"") | G15: =IFERROR(INDEX(Mentors!$T:$T,MATCH($B15,Mentors!$A:$A,0)),"")
D16: =IFERROR(INDEX(Mentors!$B:$B,MATCH($B16,Mentors!$A:$A,0)),"") | E16: =IFERROR(INDEX(Mentors!$Q:$Q,MATCH($B16,Mentors!$A:$A,0)),"") | F16: =IFERROR(INDEX(Mentors!$P:$P,MATCH($B16,Mentors!$A:$A,0)),"") | G16: =IFERROR(INDEX(Mentors!$T:$T,MATCH($B16,Mentors!$A:$A,0)),"")
